{
  "1" : {
    "transaction" : "1",
    "sampleCount" : 1,
    "errorCount" : 0,
    "errorPct" : 0.0,
    "meanResTime" : 3896.0,
    "medianResTime" : 3896.0,
    "minResTime" : 3896.0,
    "maxResTime" : 3896.0,
    "pct1ResTime" : 3896.0,
    "pct2ResTime" : 3896.0,
    "pct3ResTime" : 3896.0,
    "throughput" : 0.2566735112936345,
    "receivedKBytesPerSec" : 9.281354273613964,
    "sentKBytesPerSec" : 0.033588135266940454
  },
  "2" : {
    "transaction" : "2",
    "sampleCount" : 1,
    "errorCount" : 0,
    "errorPct" : 0.0,
    "meanResTime" : 2705.0,
    "medianResTime" : 2705.0,
    "minResTime" : 2705.0,
    "maxResTime" : 2705.0,
    "pct1ResTime" : 2705.0,
    "pct2ResTime" : 2705.0,
    "pct3ResTime" : 2705.0,
    "throughput" : 0.3696857670979667,
    "receivedKBytesPerSec" : 13.369700207948243,
    "sentKBytesPerSec" : 0.04837684842883549
  },
  "3" : {
    "transaction" : "3",
    "sampleCount" : 1,
    "errorCount" : 0,
    "errorPct" : 0.0,
    "meanResTime" : 2649.0,
    "medianResTime" : 2649.0,
    "minResTime" : 2649.0,
    "maxResTime" : 2649.0,
    "pct1ResTime" : 2649.0,
    "pct2ResTime" : 2649.0,
    "pct3ResTime" : 2649.0,
    "throughput" : 0.3775009437523594,
    "receivedKBytesPerSec" : 13.650493110607776,
    "sentKBytesPerSec" : 0.0493995375613439
  },
  "4" : {
    "transaction" : "4",
    "sampleCount" : 1,
    "errorCount" : 0,
    "errorPct" : 0.0,
    "meanResTime" : 2647.0,
    "medianResTime" : 2647.0,
    "minResTime" : 2647.0,
    "maxResTime" : 2647.0,
    "pct1ResTime" : 2647.0,
    "pct2ResTime" : 2647.0,
    "pct3ResTime" : 2647.0,
    "throughput" : 0.3777861730260672,
    "receivedKBytesPerSec" : 13.660807045712128,
    "sentKBytesPerSec" : 0.049436862485833025
  },
  "5" : {
    "transaction" : "5",
    "sampleCount" : 1,
    "errorCount" : 0,
    "errorPct" : 0.0,
    "meanResTime" : 2683.0,
    "medianResTime" : 2683.0,
    "minResTime" : 2683.0,
    "maxResTime" : 2683.0,
    "pct1ResTime" : 2683.0,
    "pct2ResTime" : 2683.0,
    "pct3ResTime" : 2683.0,
    "throughput" : 0.37271710771524413,
    "receivedKBytesPerSec" : 13.47750885203131,
    "sentKBytesPerSec" : 0.04877352776742453
  },
  "Total" : {
    "transaction" : "Total",
    "sampleCount" : 5,
    "errorCount" : 0,
    "errorPct" : 0.0,
    "meanResTime" : 2916.0,
    "medianResTime" : 2683.0,
    "minResTime" : 2647.0,
    "maxResTime" : 3896.0,
    "pct1ResTime" : 3896.0,
    "pct2ResTime" : 3896.0,
    "pct3ResTime" : 3896.0,
    "throughput" : 0.47433829807418654,
    "receivedKBytesPerSec" : 17.15261019471587,
    "sentKBytesPerSec" : 0.06207161322455175
  }
}